"county","state","pop.2020","pop.2010","area","Nh","Sh","nh","weights","pop_density","hisp_2020","hisp_2010","totalvotes","DEMOCRAT","REPUBLICAN","THIRD","pop_2020_65","pop_2010_65"
"Pickens","Alabama",19123,19749,881.41,67,110280.384250725,3,22.3333333333333,21.6959190388128,1061,317,9668,4022,5594,52,3927,3355
"Jefferson","Alabama",674721,658230,1111.28,67,110280.384250725,3,22.3333333333333,607.156612194946,26824,25332,325848,181688,138843,5317,109511,86554
"Colbert","Alabama",57227,54527,592.62,67,110280.384250725,3,22.3333333333333,96.5660963180453,1763,1110,27886,8343,19203,340,11387,9497
"Wrangell","Alaska",2127,2373,2556,30,56754.4364551678,1,30,0.832159624413146,86,38,730,171,526,33,650,378
"Yuma","Arizona",203881,197148,5519,15,1121343.86017717,8,1.875,36.941656097119,141015,117934,69881,32210,36534,1137,43682,30898
"Yavapai","Arizona",236209,210990,8128,15,1121343.86017717,8,1.875,29.0611466535433,36007,28698,143221,49602,91527,2092,80939,51151
"Pinal","Arizona",425264,379106,5374,15,1121343.86017717,8,1.875,79.133606252326,148976,108327,184974,75106,107077,2791,103815,52954
"Pima","Arizona",1043433,981649,9189,15,1121343.86017717,8,1.875,113.552399608227,403247,340154,520397,304981,207758,7658,221336,152253
"Navajo","Arizona",106717,107693,9959,15,1121343.86017717,8,1.875,10.7156340998092,13331,11661,51767,23383,27657,727,21896,14351
"Greenlee","Arizona",9563,8342,1848,15,1121343.86017717,8,1.875,5.17478354978355,4510,4003,3685,1182,2433,70,1291,1009
"Graham","Arizona",38533,37154,4641,15,1121343.86017717,8,1.875,8.30273647920707,13154,11328,14995,4034,10749,212,5598,4282
"Coconino","Arizona",145101,134624,18661,15,1121343.86017717,8,1.875,7.7756283157387,20819,18203,73272,44698,27052,1522,19744,12051
"Cross","Arkansas",16833,17868,622.33,75,63779.7490597246,2,37.5,27.0483505535648,355,274,6942,1772,4946,224,3095,2793
"Calhoun","Arkansas",4739,5361,632.54,75,63779.7490597246,2,37.5,7.49201631517374,225,157,2182,479,1636,67,1146,930
"Yuba","California",81575,72345,630,58,1463646.58867819,39,1.48717948717949,129.484126984127,23837,18181,29796,11230,17676,890,10646,7305
"Yolo","California",216403,201061,1012,58,1463646.58867819,39,1.48717948717949,213.836956521739,70598,61153,97294,67598,27292,2404,29180,19933
"Tulare","California",473117,442953,4824,58,1463646.58867819,39,1.48717948717949,98.0756633499171,309519,269133,146885,66105,77579,3201,55595,42015
"Trinity","California",16112,13755,3179,58,1463646.58867819,39,1.48717948717949,5.06826045926392,929,959,6259,2851,3188,220,3584,2767
"Tehama","California",65829,63562,2951,58,1463646.58867819,39,1.48717948717949,22.307353439512,17132,14008,28731,8911,19141,679,13076,10118
"Sutter","California",99633,94742,603,58,1463646.58867819,39,1.48717948717949,165.228855721393,30932,27348,42644,17367,24375,902,15597,12038
"Stanislaus","California",552878,515137,1495,58,1463646.58867819,39,1.48717948717949,369.818060200669,265852,216458,214954,105841,104145,4968,74916,55093
"Sonoma","California",488863,484675,1576,58,1463646.58867819,39,1.48717948717949,310.192258883249,135332,120937,268317,199938,61825,6554,103462,67893
"Siskiyou","California",44076,44941,6287,58,1463646.58867819,39,1.48717948717949,7.01065691108637,5811,4672,23472,9593,13290,589,11611,8809
"Sierra","California",3236,3220,953,58,1463646.58867819,39,1.48717948717949,3.39559286463798,373,274,1931,730,1142,59,908,676
"Shasta","California",182155,177277,3786,58,1463646.58867819,39,1.48717948717949,48.1127839408347,19479,14953,92930,30000,60789,2141,38146,30081
"Santa Cruz","California",270861,263174,446,58,1463646.58867819,39,1.48717948717949,607.311659192825,91666,84528,144837,114246,26937,3654,48696,29399
"Santa Barbara","California",448229,424218,2738,58,1463646.58867819,39,1.48717948717949,163.706720233747,206419,182307,200339,129963,65736,4640,71442,54573
"San Mateo","California",764442,719948,449,58,1463646.58867819,39,1.48717948717949,1702.5434298441,180184,183063,374251,291496,75584,7171,129480,96816
"San Luis Obispo","California",282424,269800,3304,58,1463646.58867819,39,1.48717948717949,85.4794188861985,65613,56107,159714,88310,67436,3968,60460,41258
"San Francisco","California",873965,805519,47,58,1463646.58867819,39,1.48717948717949,18595,131965,121992,443553,378156,56417,8980,144152,110302
"San Bernardino","California",2181654,2040803,20062,58,1463646.58867819,39,1.48717948717949,108.745588675107,1201620,1006719,841130,455859,366257,19014,267911,182600
"Sacramento","California",1585055,1421381,966,58,1463646.58867819,39,1.48717948717949,1640.84368530021,372573,307429,718440,440808,259405,18227,230866,159406
"Riverside","California",2418185,2201562,7208,58,1463646.58867819,39,1.48717948717949,335.486265260821,1259524,1003584,997156,528340,449144,19672,377582,260514
"Plumas","California",19790,19915,2554,58,1463646.58867819,39,1.48717948717949,7.74862960062647,1847,1606,11260,4561,6445,254,5772,4172
"Placer","California",404739,350007,1407,58,1463646.58867819,39,1.48717948717949,287.660980810234,59347,45072,235084,106869,122488,5727,82115,53965
"Orange","California",3186989,3016376,948,58,1463646.58867819,39,1.48717948717949,3361.80274261603,1070133,1015819,1522113,814009,676498,31606,497745,352047
"Napa","California",138019,136752,754,58,1463646.58867819,39,1.48717948717949,183.049071618037,47313,44176,72150,49817,20676,1657,27606,20688
"Monterey","California",439035,416358,3322,58,1463646.58867819,39,1.48717948717949,132.15984346779,257438,231058,163923,113953,46299,3671,62634,44691
"Merced","California",281202,256709,1929,58,1463646.58867819,39,1.48717948717949,145.776049766719,171835,141302,90554,48991,39397,2166,32779,24100
"Mendocino","California",91601,87796,3509,58,1463646.58867819,39,1.48717948717949,26.1045882017669,22729,19609,43340,28782,13267,1291,20420,13586
"Madera","California",156255,151006,2138,58,1463646.58867819,39,1.48717948717949,73.0846585594013,93791,81272,53732,23168,29378,1186,23092,17308
"Los Angeles","California",10014009,9821647,4060,58,1463646.58867819,39,1.48717948717949,2466.50467980296,4822226,4693585,4264365,3028885,1145530,89950,1444480,1071941
"Lassen","California",32730,34828,4558,58,1463646.58867819,39,1.48717948717949,7.18078104431768,5872,6150,11987,2799,8970,218,4882,3468
"Lake","California",68163,64736,1258,58,1463646.58867819,39,1.48717948717949,54.1836248012719,14690,11149,28812,14941,13123,748,15131,11504
"Kings","California",152486,152342,1390,58,1463646.58867819,39,1.48717948717949,109.702158273381,84970,77840,43861,18699,24072,1090,16579,12093
"Kern","California",909235,841365,8142,58,1463646.58867819,39,1.48717948717949,111.672193564235,497166,414905,305292,133366,164484,7442,104230,75802
"Fresno","California",1008654,932011,5963,58,1463646.58867819,39,1.48717948717949,169.152104645313,541269,469768,364917,193025,164464,7428,128421,93863
"El Dorado","California",191185,181161,1712,58,1463646.58867819,39,1.48717948717949,111.673481308411,25755,21943,116159,51621,61838,2700,43941,26782
"Del Norte","California",27743,28568,1008,58,1463646.58867819,39,1.48717948717949,27.5228174603175,5712,5115,11453,4677,6461,315,5323,3886
"Colusa","California",21839,21435,1151,58,1463646.58867819,39,1.48717948717949,18.9739357080799,13030,11842,7961,3239,4559,163,3313,2511
"Calaveras","California",45292,45467,1020,58,1463646.58867819,39,1.48717948717949,44.4039215686275,6154,4703,27164,10046,16518,600,13402,9628
"Amador","California",40474,37883,606,58,1463646.58867819,39,1.48717948717949,66.7887788778878,5978,4706,22304,8153,13585,566,11232,7934
"Alpine","California",1204,1161,739,58,1463646.58867819,39,1.48717948717949,1.62922868741543,145,81,741,476,244,21,287,166
"Logan","Colorado",21528,22749,1845.31,64,183441.035164191,5,12.8,11.6663324861405,3770,3568,10532,2218,8087,227,4116,3335
"La Plata","Colorado",55638,51416,1700.44,64,183441.035164191,5,12.8,32.7197666486321,7306,6117,35667,20548,14233,886,11042,6036
"Garfield","Colorado",61685,56072,2958.23,64,183441.035164191,5,12.8,20.8519959570419,17735,15870,30904,15427,14717,760,8616,4766
"Dolores","Colorado",2326,2069,1076.93,64,183441.035164191,5,12.8,2.15984325815048,157,87,1449,341,1089,19,551,396
"Baca","Colorado",3506,3807,2558.48,64,183441.035164191,5,12.8,1.37034489227979,422,349,2225,317,1867,41,924,919
"Litchfield","Connecticut",112503,189762,808.27,9,286912.630144227,1,9,139.189874670593,13449,8592,107544,50164,55601,1779,40910,30526
"New Castle","Delaware",570719,538792,494,3,210324.270050637,1,3,1155.3016194332,60158,47209,287633,195034,88364,4235,92855,66513
"District of Columbia","District of Columbia",689545,605282,68.34,1,NA,NA,NA,10089.918056775,81115,55828,344356,317323,18586,8447,89833,69105
"Volusia","Florida",553543,494462,1106,67,500925.312551697,16,4.1875,500.49095840868,86933,55421,307439,130575,173821,3043,142378,104595
"Union","Florida",16147,15551,240,67,500925.312551697,16,4.1875,67.2791666666667,883,741,6245,1053,5133,59,2330,1584
"Taylor","Florida",21796,22594,1042,67,500925.312551697,16,4.1875,20.9174664107486,938,782,10127,2299,7751,77,4573,3567
"Santa Rosa","Florida",188000,152924,1016,67,500925.312551697,16,4.1875,185.03937007874,11517,6672,106928,27612,77385,1931,31199,19616
"Pasco","Florida",561891,465516,745,67,500925.312551697,16,4.1875,754.21610738255,97741,55189,301970,119073,179621,3276,129888,96614
"Miami-Dade","Florida",2701767,2506986,1946,67,500925.312551697,16,4.1875,1388.36947584789,1864797,1631635,1156816,617864,532833,6119,459870,354195
"Levy","Florida",42915,40727,1118,67,500925.312551697,16,4.1875,38.3855098389982,3852,3046,23145,6205,16749,191,10823,7942
"Lake","Florida",383956,297724,953,67,500925.312551697,16,4.1875,402.891920251836,64288,36420,211314,83505,125859,1950,102111,72184
"Holmes","Florida",19653,19844,482,67,500925.312551697,16,4.1875,40.7738589211618,625,446,9068,924,8080,64,3995,3427
"Gilchrist","Florida",17864,17006,349,67,500925.312551697,16,4.1875,51.1862464183381,1217,841,9685,1700,7895,90,3995,2889
"Gadsden","Florida",43826,47792,516,67,500925.312551697,16,4.1875,84.9341085271318,4931,4473,23762,16153,7465,144,8772,6377
"Franklin","Florida",12451,11523,534,67,500925.312551697,16,4.1875,23.3164794007491,718,529,6849,2120,4675,54,2993,2015
"Flagler","Florida",115378,96065,485,67,500925.312551697,16,4.1875,237.892783505155,13102,8317,71716,28161,43043,512,37557,23635
"Escambia","Florida",321905,298069,664,67,500925.312551697,16,4.1875,484.796686746988,19713,14205,170372,70929,96674,2769,56280,43035
"Dixie","Florida",16759,16399,704,67,500925.312551697,16,4.1875,23.8053977272727,710,512,8167,1365,6759,43,4158,3205
"Broward","Florida",1944375,1752843,1209,67,500925.312551697,16,4.1875,1608.25062034739,614664,441910,957672,618752,333409,5511,343446,250274
"Toombs","Georgia",27030,27248,367,159,146519.674177305,11,14.4545454545455,73.6512261580381,3102,3100,10914,2939,7872,103,4646,3769
"Terrell","Georgia",9185,9525,336,159,146519.674177305,11,14.4545454545455,27.3363095238095,258,168,4416,2376,2004,36,1748,1421
"Talbot","Georgia",5733,6883,393,159,146519.674177305,11,14.4545454545455,14.587786259542,188,96,3522,2114,1392,16,1627,1136
"Seminole","Georgia",9147,8727,238,159,146519.674177305,11,14.4545454545455,38.4327731092437,304,207,3884,1254,2611,19,1944,1669
"Marion","Georgia",7498,8741,434,159,146519.674177305,11,14.4545454545455,17.2764976958525,673,570,3624,1311,2275,38,1792,1227
"Haralson","Georgia",29919,28763,282,159,146519.674177305,11,14.4545454545455,106.095744680851,684,331,14248,1792,12331,125,5006,4051
"Echols","Georgia",3697,4014,404,159,146519.674177305,11,14.4545454545455,9.1509900990099,1176,1192,1441,167,1256,18,548,393
"Douglas","Georgia",144237,132575,199,159,146519.674177305,11,14.4545454545455,724.809045226131,15622,11130,69097,42809,25451,837,18142,11388
"Crawford","Georgia",12130,12577,325,159,146519.674177305,11,14.4545454545455,37.3230769230769,448,299,6102,1615,4428,59,2435,1665
"Camden","Georgia",54768,50680,630,159,146519.674177305,11,14.4545454545455,86.9333333333333,3960,2651,23688,7967,15251,470,8085,4629
"Butts","Georgia",25434,23776,187,159,146519.674177305,11,14.4545454545455,136.010695187166,915,622,11771,3274,8406,91,4085,3017
"Hawaii","Hawaii",200629,185361,4028,5,413066.053150341,1,5,49.8085898709037,27474,21543,71044,47305,22126,1613,45787,27143
"Payette","Idaho",25386,22640,408,44,83516.4191328368,2,22,62.2205882352941,4367,3403,11293,2161,8862,270,4750,3495
"Camas","Idaho",1077,1115,1077,44,83516.4191328368,2,22,1,72,71,754,149,507,98,264,185
"Wayne","Illinois",16179,16739,713,102,535679.79217037,25,4.08,22.6914446002805,265,177,8486,1187,7176,123,3561,3250
"Washington","Illinois",13761,14711,562,102,535679.79217037,25,4.08,24.4857651245552,194,204,7902,1641,6115,146,2942,2514
"Shelby","Illinois",20990,22354,657,102,535679.79217037,25,4.08,31.9482496194825,274,180,12097,2504,9426,167,5027,4232
"Richland","Illinois",15813,16193,360,102,535679.79217037,25,4.08,43.925,291,200,8063,1830,6089,144,3304,3086
"Randolph","Illinois",30163,33410,575,102,535679.79217037,25,4.08,52.4573913043478,1089,877,14891,3592,11076,223,6176,5360
"Pulaski","Illinois",5193,6131,199,102,535679.79217037,25,4.08,26.0954773869347,135,102,2624,891,1699,34,1220,1112
"Montgomery","Illinois",28288,30095,703,102,535679.79217037,25,4.08,40.2389758179232,528,464,13727,3905,9544,278,5899,5205
"Mercer","Illinois",15699,16410,561,102,535679.79217037,25,4.08,27.9839572192513,415,303,8893,3280,5418,195,3415,2993
"Madison","Illinois",265859,269315,539,102,535679.79217037,25,4.08,493.244897959184,9305,7383,137139,57836,76031,3272,47802,38523
"Livingston","Illinois",35815,38862,1043,102,535679.79217037,25,4.08,34.3384467881112,1788,1542,17174,4615,12208,351,7028,6115
"Lee","Illinois",34145,35978,724,102,535679.79217037,25,4.08,47.1616022099448,2298,1810,16397,6407,9630,360,6972,5690
"Lake","Illinois",714342,704179,443,102,535679.79217037,25,4.08,1612.51015801354,157296,140542,334177,204032,123594,6551,106676,73639
"Jefferson","Illinois",37113,38757,571,102,535679.79217037,25,4.08,64.9964973730298,1124,801,17404,4608,12476,320,7378,6274
"Henderson","Illinois",6387,7344,378,102,535679.79217037,25,4.08,16.8968253968254,119,80,3647,1187,2394,66,1758,1541
"Fulton","Illinois",33609,37076,865,102,535679.79217037,25,4.08,38.8543352601156,1070,900,16678,6503,9867,308,7234,6711
"Ford","Illinois",13534,14076,485,102,535679.79217037,25,4.08,27.9051546391753,516,297,6953,1754,5048,151,2579,2634
"Edwards","Illinois",6245,6739,222,102,535679.79217037,25,4.08,28.1306306306306,80,62,3366,488,2833,45,1435,1194
"DeWitt","Illinois",15516,16589,397,102,535679.79217037,25,4.08,39.0831234256927,446,360,8024,2191,5632,201,3094,2787
"DeKalb","Illinois",100420,105151,631,102,535679.79217037,25,4.08,159.144215530903,12505,10752,47825,24643,21905,1277,13972,10355
"Cumberland","Illinois",10450,11053,345,102,535679.79217037,25,4.08,30.2898550724638,128,75,5832,1142,4601,89,2206,1852
"Crawford","Illinois",18679,19801,443,102,535679.79217037,25,4.08,42.1647855530474,449,366,9425,2202,7043,180,3689,3331
"Clinton","Illinois",36899,37833,474,102,535679.79217037,25,4.08,77.8459915611814,1225,1078,19170,4493,14304,373,6777,5480
"Carroll","Illinois",15702,15395,445,102,535679.79217037,25,4.08,35.285393258427,565,448,8024,2748,5105,171,3778,3273
"Bond","Illinois",16725,17789,380,102,535679.79217037,25,4.08,44.0131578947368,616,552,8145,2288,5625,232,3271,2683
"Alexander","Illinois",5240,8205,236,102,535679.79217037,25,4.08,22.2033898305085,110,155,2618,1114,1486,18,1382,1385
"Washington","Indiana",28182,28297,514,92,125957.744284192,5,18.4,54.8287937743191,380,316,12139,2784,9114,241,5085,3848
"Warren","Indiana",8440,8521,365,92,125957.744284192,5,18.4,23.1232876712329,199,71,4472,974,3401,97,1733,1432
"Pulaski","Indiana",12514,13320,434,92,125957.744284192,5,18.4,28.8341013824885,437,327,5806,1463,4246,97,2582,2227
"Parke","Indiana",16156,17279,445,92,125957.744284192,5,18.4,36.3056179775281,269,216,7013,1503,5400,110,3389,2712
"Martin","Indiana",9812,10361,336,92,125957.744284192,5,18.4,29.202380952381,134,73,5144,1011,4029,104,2098,1620
"Sioux","Iowa",35872,33755,768,99,59658.5994997614,3,33,46.7083333333333,4008,3036,19051,3019,15775,257,5791,4805
"Pocahontas","Iowa",7078,7290,578,99,59658.5994997614,3,33,12.2456747404844,304,168,3823,933,2832,58,1586,1620
"Dickinson","Iowa",17703,16669,381,99,59658.5994997614,3,33,46.4645669291339,428,189,11244,3661,7452,131,4791,3726
"Saline","Kansas",54303,55781,720,105,81025.7864800668,4,26.25,75.4208333333333,6467,5461,24531,8214,15722,595,10205,8044
"Phillips","Kansas",4981,5632,886,105,81025.7864800668,4,26.25,5.62189616252822,179,125,2781,318,2418,45,1313,1144
"Lane","Kansas",1574,1736,717,105,81025.7864800668,4,26.25,2.1952580195258,150,75,895,115,762,18,362,367
"Geary","Kansas",36739,35241,384,105,81025.7864800668,4,26.25,95.6744791666667,5464,4480,9603,3983,5323,297,2917,2609
"Metcalfe","Kentucky",10286,10135,291,120,79036.2490969163,4,30,35.3470790378007,217,120,5012,975,3959,78,2010,1656
"Fulton","Kentucky",6515,6797,209,120,79036.2490969163,4,30,31.1722488038277,163,53,2421,791,1605,25,1284,1221
"Breathitt","Kentucky",13718,13855,495,120,79036.2490969163,4,30,27.7131313131313,165,92,5661,1301,4265,95,2283,1860
"Boyle","Kentucky",30614,28668,182,120,79036.2490969163,4,30,168.208791208791,1029,794,14467,5298,8872,297,5963,4629
"Rapides Parish","Louisiana",130023,131742,1362,64,100222.715969877,3,21.3333333333333,95.4647577092511,4460,3449,58865,19475,38347,1043,22005,18040
"Jefferson Davis Parish","Louisiana",32250,31629,659,64,100222.715969877,3,21.3333333333333,48.937784522003,815,543,14841,3208,11423,210,5277,4608
"Caldwell Parish","Louisiana",9645,10148,541,64,100222.715969877,3,21.3333333333333,17.8280961182994,342,227,4762,745,3976,41,1874,1515
"Knox","Maine",40607,39727,1142,16,78729.5904650585,1,16,35.5577933450087,627,336,26032,15110,9982,940,10791,7647
"Wicomico","Maryland",103588,98974,468,24,315201.682930795,4,6,221.34188034188,5885,4556,46216,22054,22944,1218,17338,12946
"Queen Anne's","Maryland",49874,47809,498,24,315201.682930795,4,6,100.14859437751,2285,1464,30290,10709,18741,840,10207,7182
"Montgomery","Maryland",1062061,975619,414,24,315201.682930795,4,6,2565.36473429952,210440,167203,533743,419569,101222,12952,173612,119944
"Charles","Maryland",166617,147159,418,24,315201.682930795,4,6,398.605263157895,10857,6354,89498,62171,25579,1748,21861,14006
"Plymouth","Massachusetts",530819,495937,661,14,449922.735618096,3,4.66666666666667,803.054462934947,22603,15711,303870,173630,121227,9013,100676,69317
"Hampden","Massachusetts",465825,464248,618,14,449922.735618096,3,4.66666666666667,753.76213592233,124126,97431,220793,125948,87318,7527,82861,65879
"Berkshire","Massachusetts",129026,131318,931,14,449922.735618096,3,4.66666666666667,138.588614393126,6641,4588,71771,51705,18064,2002,30743,24488
"Wexford","Michigan",33673,32735,576,83,264584.773008379,10,8.3,58.4600694444444,770,528,18265,5838,12102,325,6800,5196
"Oscoda","Michigan",8219,8601,572,83,264584.773008379,10,8.3,14.3688811188811,157,79,4874,1342,3466,66,2390,2028
"Oceana","Michigan",26659,26503,1307,83,264584.773008379,10,8.3,20.3970925784239,4090,3620,14062,4944,8892,226,5855,4521
"Mecosta","Michigan",39714,42851,571,83,264584.773008379,10,8.3,69.5516637478109,1126,736,21049,7375,13267,407,8480,6593
"Leelanau","Michigan",22301,21718,2532,83,264584.773008379,10,8.3,8.80766192733017,929,790,16900,8795,7916,189,7238,5093
"Lapeer","Michigan",88619,88206,663,83,264584.773008379,10,8.3,133.663650075415,4390,3642,52650,16367,35482,801,17022,11868
"Iron","Michigan",11631,11811,1211,83,264584.773008379,10,8.3,9.60445912469034,261,163,6789,2493,4216,80,3463,3123
"Hillsdale","Michigan",45746,46646,607,83,264584.773008379,10,8.3,75.3640856672158,1159,830,23302,5883,17037,382,9480,7378
"Cheboygan","Michigan",25579,26059,885,83,264584.773008379,10,8.3,28.9028248587571,402,208,15868,5437,10186,245,7261,5631
"Bay","Michigan",103856,107678,631,83,264584.773008379,10,8.3,164.589540412044,5821,5121,60255,26151,33125,979,22031,17539
"Rice","Minnesota",67097,64231,497.57,87,159605.293102065,6,14.5,134.849367928131,5778,5116,35686,17402,17464,820,10994,7930
"Nicollet","Minnesota",34454,32758,452.29,87,159605.293102065,6,14.5,76.1767892281501,1739,1236,19125,9622,9018,485,5775,3949
"McLeod","Minnesota",36771,36592,491.91,87,159605.293102065,6,14.5,74.7514789290724,2510,1820,20933,6413,13986,534,6934,5611
"Lake of the Woods","Minnesota",3763,4035,1296.7,87,159605.293102065,6,14.5,2.90198195419141,71,37,2408,671,1704,33,986,817
"Koochiching","Minnesota",12062,13320,3102.36,87,159605.293102065,6,14.5,3.88800783919339,167,143,6922,2659,4131,132,3338,2592
"Douglas","Minnesota",39006,35990,634.32,87,159605.293102065,6,14.5,61.4926220204313,718,354,24165,7868,15799,498,9038,7085
"Tunica","Mississippi",9782,10763,455,82,43532.5889271813,2,41,21.4989010989011,260,243,3562,2580,926,56,1246,1033
"Harrison","Mississippi",208621,187868,581,82,43532.5889271813,2,41,359.072289156626,11547,9982,75768,27728,46822,1218,33415,22075
"Texas","Missouri",24487,26043,632,115,126522.115306847,7,16.4285714285714,38.745253164557,593,431,11315,1716,9478,121,5554,4690
"Montgomery","Missouri",11322,12209,539,115,126522.115306847,7,16.4285714285714,21.0055658627087,279,173,5772,1208,4465,99,2399,2273
"Madison","Missouri",12626,12197,528,115,126522.115306847,7,16.4285714285714,23.9128787878788,292,249,5676,1019,4584,73,2412,2171
"Jefferson","Missouri",226739,219130,657,115,126522.115306847,7,16.4285714285714,345.112633181126,4889,3444,116688,37523,77046,2119,36484,24598
"Daviess","Missouri",8430,8444,567,115,126522.115306847,7,16.4285714285714,14.8677248677249,139,86,3911,746,3102,63,1747,1453
"Bollinger","Missouri",10567,12349,621,115,126522.115306847,7,16.4285714285714,17.0161030595813,190,100,5983,750,5167,66,2594,2061
"Bates","Missouri",16042,17026,848,115,126522.115306847,7,16.4285714285714,18.9174528301887,420,279,8416,1672,6597,147,3292,3006
"Rosebud","Montana",8329,9245,5012,56,34272.6244122182,1,56,1.66181165203512,448,321,3773,1199,2486,88,1474,1061
"Jefferson","Nebraska",7240,7521,573,93,70783.6212276329,3,31,12.6352530541012,359,205,3716,1016,2616,84,1735,1657
"Dawson","Nebraska",24111,24302,1013,93,70783.6212276329,3,31,23.8015794669299,7969,7794,9178,2497,6524,157,4037,3370
"Dakota","Nebraska",21582,21033,264,93,70783.6212276329,3,31,81.75,7914,7508,6794,2744,3926,124,2807,2387
"Pershing","Nevada",6650,6734,6009,17,548755.57980158,4,4.25,1.10667332334831,1622,1511,2320,547,1731,42,1121,884
"Humboldt","Nevada",17285,16580,9658,17,548755.57980158,4,4.25,1.78970801408159,4706,4066,7771,1689,5877,205,2566,1701
"Esmeralda","Nevada",729,783,3589,17,548755.57980158,4,4.25,0.203120646419615,174,120,480,72,395,13,300,204
"Churchill","Nevada",25516,24816,4929,17,548755.57980158,4,4.25,5.17670927165754,3821,3011,12881,3048,9367,466,4924,3817
"Hillsborough","New Hampshire",422937,401064,876,10,130026.469741485,1,10,482.804794520548,32001,21299,230941,122344,104625,3972,69907,47857
"Warren","New Jersey",109632,108572,358,21,275351.835759901,3,7,306.234636871508,11395,7718,60787,24901,34769,1117,20323,15308
"Morris","New Jersey",509285,492623,469,21,275351.835759901,3,7,1085.89552238806,68658,56794,299322,153881,141134,4307,88146,68603
"Cumberland","New Jersey",154152,156667,489,21,275351.835759901,3,7,315.239263803681,47800,42629,62408,32742,28952,714,23419,19869
"San Juan","New Mexico",121661,130209,5514,33,121246.095859224,2,16.5,22.0640188610809,26633,24885,52294,18083,32874,1337,19912,14155
"Eddy","New Mexico",62314,53912,4182,33,121246.095859224,2,16.5,14.9005260640842,30121,23857,23222,5424,17454,344,8548,7565
"Ulster","New York",181851,182422,1161,62,571346.601597947,16,3.875,156.6330749354,19594,15969,98160,57970,37590,2600,37173,27182
"Tompkins","New York",105740,101743,476,62,571346.601597947,16,3.875,222.142857142857,5505,4409,46048,33619,11096,1333,15769,11014
"Tioga","New York",48455,51012,523,62,571346.601597947,16,3.875,92.6481835564054,1033,698,25170,9634,14791,745,10272,8034
"Sullivan","New York",78624,77480,997,62,571346.601597947,16,3.875,78.8605817452357,12958,10593,35132,15489,18665,978,14797,11528
"St. Lawrence","New York",108505,111821,2821,62,571346.601597947,16,3.875,38.4633108826657,2585,2146,45267,19361,24608,1298,19691,15554
"Saratoga","New York",235509,220123,844,62,571346.601597947,16,3.875,279.039099526066,7929,5377,133556,68471,61305,3780,44681,30247
"Putnam","New York",97668,99644,246,62,571346.601597947,16,3.875,397.024390243902,16871,11723,55318,24953,29283,1082,18327,12520
"Otsego","New York",58524,62260,1003,62,571346.601597947,16,3.875,58.3489531405783,2329,1945,28223,12975,14382,866,13002,10338
"Orleans","New York",40343,42850,817,62,571346.601597947,16,3.875,49.3794369645043,2096,1777,18314,5587,12126,601,7707,6179
"Onondaga","New York",476516,467549,806,62,571346.601597947,16,3.875,591.210918114144,24666,18970,235686,138894,90619,6173,82947,65826
"Nassau","New York",1395774,1341642,453,62,571346.601597947,16,3.875,3081.17880794702,236976,196708,738369,396504,326716,15149,250696,205263
"Greene","New York",47931,49137,658,62,571346.601597947,16,3.875,72.8434650455927,3098,2418,25320,10346,14271,703,10904,8532
"Clinton","New York",79843,82099,1118,62,571346.601597947,16,3.875,71.4159212880143,2372,2062,35637,18364,16514,759,14532,10990
"Chenango","New York",47220,50404,898.95,62,571346.601597947,16,3.875,52.5279492741532,1116,936,22417,8290,13482,645,10049,8404
"Chautauqua","New York",127657,134726,1500,62,571346.601597947,16,3.875,85.1046666666667,10116,8276,59770,23087,34853,1830,26724,22341
"Cattaraugus","New York",77042,80220,1310,62,571346.601597947,16,3.875,58.8106870229008,1773,1368,35018,11879,22155,984,15360,12381
"Washington","North Carolina",11003,13119,424,100,171965.208373188,8,12.5,25.9504716981132,691,475,6205,3396,2781,28,3048,2398
"Union","North Carolina",238267,202110,640,100,171965.208373188,8,12.5,372.2921875,28623,21039,131011,48725,80382,1904,32536,19685
"Randolph","North Carolina",144171,141985,790,100,171965.208373188,8,12.5,182.494936708861,17713,14733,73316,15618,56894,804,26606,20072
"Polk","North Carolina",19328,20474,239,100,171965.208373188,8,12.5,80.8702928870293,1237,1112,12358,4518,7689,151,6824,5012
"Iredell","North Carolina",186693,159788,597,100,171965.208373188,8,12.5,312.718592964824,15147,10910,102371,33888,67010,1473,30546,20576
"Caldwell","North Carolina",80652,83025,474,100,171965.208373188,8,12.5,170.151898734177,5001,3812,42829,10245,32119,465,17217,12897
"Buncombe","North Carolina",269452,238743,660,100,171965.208373188,8,12.5,408.260606060606,18364,14272,161569,96515,62412,2642,55508,38297
"Alexander","North Carolina",36444,37232,263,100,171965.208373188,8,12.5,138.570342205323,1846,1603,20236,4145,15888,203,7809,5692
"Kidder","North Dakota",2394,2447,1352,53,30596.0438610693,1,53,1.7707100591716,109,68,1460,221,1215,24,666,517
"Wyandot","Ohio",21900,22587,405.61,88,222571.255344883,9,9.77777777777778,53.9927516579966,707,517,11390,2733,8462,195,4436,3678
"Warren","Ohio",242337,213445,399.63,88,222571.255344883,9,9.77777777777778,606.403423166429,7404,4830,136100,46069,87988,2043,36496,23270
"Shelby","Ohio",48230,49347,409.27,88,222571.255344883,9,9.77777777777778,117.843966085958,778,653,25258,4465,20422,371,8508,6393
"Pike","Ohio",27088,28606,441.49,88,222571.255344883,9,9.77777777777778,61.355863099957,351,205,12412,3110,9157,145,5170,4222
"Pickaway","Ohio",58539,55737,501.91,88,222571.255344883,9,9.77777777777778,116.632463987568,953,603,28271,7304,20593,374,9646,7202
"Hancock","Ohio",74920,74698,531.35,88,222571.255344883,9,9.77777777777778,140.999341300461,4515,3390,38771,11757,26310,704,13751,10709
"Hamilton","Ohio",830639,802295,407.36,88,222571.255344883,9,9.77777777777778,2039.0784564022,30448,20762,430929,246266,177886,6777,132221,106859
"Coshocton","Ohio",36612,36938,564.07,88,222571.255344883,9,9.77777777777778,64.9068378038187,449,281,16739,4125,12325,289,7364,6014
"Athens","Ohio",62431,65175,506.76,88,222571.255344883,9,9.77777777777778,123.19638487647,1269,1048,26059,14772,10862,425,9292,6525
"Tillman","Oklahoma",6968,7983,872,77,119825.658097219,4,19.25,7.9908256880734,2059,1807,2708,597,2076,35,1470,1425
"Noble","Oklahoma",10924,11565,732,77,119825.658097219,4,19.25,14.9234972677596,489,303,4938,1003,3821,114,2305,1929
"Muskogee","Oklahoma",66339,71121,814,77,119825.658097219,4,19.25,81.497542997543,4688,3725,25081,8027,16526,528,11754,10455
"McIntosh","Oklahoma",18941,20267,656,77,119825.658097219,4,19.25,28.8734756097561,590,405,8335,2031,6172,132,5148,4459
"Union","Oregon",26196,25725,2037,36,181521.546245609,3,12,12.860088365243,1352,1024,14944,4254,10298,392,5770,4312
"Josephine","Oregon",88090,82880,1640,36,181521.546245609,3,12,53.7134146341463,7016,5294,51641,18451,31751,1439,23761,18564
"Gilliam","Oregon",1995,1880,1204,36,181521.546245609,3,12,1.65697674418605,149,93,1178,324,834,20,555,422
"Philadelphia","Pennsylvania",1603797,1528303,143,67,281443.882706996,9,7.44444444444444,11215.3636363636,245847,189175,741377,603790,132740,4847,226967,185466
"Northampton","Pennsylvania",312951,297941,377,67,281443.882706996,9,7.44444444444444,830.10875331565,44729,31370,170942,85087,83854,2001,61061,46745
"Mercer","Pennsylvania",110652,116607,683,67,281443.882706996,9,7.44444444444444,162.00878477306,1760,1267,57954,21067,36143,744,24802,21563
"Lawrence","Pennsylvania",86070,91016,363,67,281443.882706996,9,7.44444444444444,237.107438016529,1424,940,46076,15978,29597,501,19528,17126
"Jefferson","Pennsylvania",44492,45163,657,67,281443.882706996,9,7.44444444444444,67.7199391171994,447,281,22824,4527,17960,337,9390,8216
"Huntingdon","Pennsylvania",44092,45999,889,67,281443.882706996,9,7.44444444444444,49.5973003374578,920,740,22792,5445,17061,286,9675,7590
"Dauphin","Pennsylvania",286401,268289,558,67,281443.882706996,9,7.44444444444444,513.263440860215,29065,18974,147368,78983,66408,1977,49769,36983
"Cambria","Pennsylvania",133472,143458,693,67,281443.882706996,9,7.44444444444444,192.600288600289,2270,2027,70574,21730,48085,759,30539,27014
"Beaver","Pennsylvania",168215,170630,444,67,281443.882706996,9,7.44444444444444,378.862612612613,3078,2020,94122,38122,54759,1241,36521,31661
"Washington","Rhode Island",129839,127094,329,5,250762.290397101,1,5,394.647416413374,4421,3062,76060,44549,29818,1693,28055,19271
"Williamsburg","South Carolina",31026,34342,937,46,127977.987458821,3,15.3333333333333,33.1120597652081,703,706,15985,10289,5532,164,6748,5066
"Sumter","South Carolina",105556,107610,682,46,127977.987458821,3,15.3333333333333,154.774193548387,4582,3545,48920,27379,21000,541,18339,13997
"Oconee","South Carolina",78607,74349,674,46,127977.987458821,3,15.3333333333333,116.627596439169,4631,3363,40668,10414,29698,556,19338,14195
"Turner","South Dakota",8673,8352,617,66,28258.6489570307,1,66,14.0567260940032,196,117,4548,1139,3290,119,1801,1579
"Van Buren","Tennessee",6168,5567,247,95,135650.411399433,6,15.8333333333333,24.9716599190283,121,51,2921,544,2342,35,1425,961
"Putnam","Tennessee",79854,72552,401,95,135650.411399433,6,15.8333333333333,199.137157107232,5412,3873,33593,9185,23759,649,13904,10615
"Lewis","Tennessee",12582,12175,282,95,135650.411399433,6,15.8333333333333,44.6170212765957,317,229,5609,1072,4474,63,2691,1990
"Hickman","Tennessee",24925,24649,613,95,135650.411399433,6,15.8333333333333,40.6606851549755,689,461,9832,2130,7577,125,4579,3453
"Cheatham","Tennessee",41072,39120,303,95,135650.411399433,6,15.8333333333333,135.551155115512,1577,915,20260,5514,14438,308,6558,4308
"Campbell","Tennessee",39272,40735,480,95,135650.411399433,6,15.8333333333333,81.8166666666667,650,481,14933,2441,12331,161,8392,7043
"Zapata","Texas",13889,14086,997,254,410607.280560303,48,5.29166666666667,13.9307923771314,13461,13150,3874,1826,2033,15,1919,1476
"Wheeler","Texas",4990,5387,914,254,410607.280560303,48,5.29166666666667,5.45951859956236,1270,1345,2337,168,2159,10,1003,985
"Upton","Texas",3308,3340,1242,254,410607.280560303,48,5.29166666666667,2.6634460547504,1995,1641,1368,170,1178,20,556,488
"Tarrant","Texas",2110640,1818167,864,254,410607.280560303,48,5.29166666666667,2442.87037037037,629633,486057,834697,411567,409741,13389,254161,162935
"Swisher","Texas",6971,7919,900,254,410607.280560303,48,5.29166666666667,7.74555555555556,3322,3194,2355,478,1845,32,1340,1352
"Sabine","Texas",9894,10870,490,254,410607.280560303,48,5.29166666666667,20.1918367346939,500,358,5491,669,4784,38,3277,2914
"Reagan","Texas",3385,3353,1175,254,410607.280560303,48,5.29166666666667,2.88085106382979,2772,2035,1124,172,942,10,437,353
"Randall","Texas",140753,121221,914,254,410607.280560303,48,5.29166666666667,153.996717724289,33175,20134,64674,12802,50796,1076,21936,15131
"Ochiltree","Texas",10015,10171,918,254,410607.280560303,48,5.29166666666667,10.9095860566449,5412,4955,3156,302,2812,42,1154,1055
"Navarro","Texas",52624,47870,1071,254,410607.280560303,48,5.29166666666667,49.1353874883287,14869,11438,19123,5101,13800,222,8702,6976
"Mitchell","Texas",8990,9411,910,254,410607.280560303,48,5.29166666666667,9.87912087912088,3333,3499,2579,397,2170,12,1249,1230
"McMullen","Texas",600,711,1113,254,410607.280560303,48,5.29166666666667,0.539083557951482,299,265,516,53,460,3,189,185
"Loving","Texas",64,84,673,254,410607.280560303,48,5.29166666666667,0.0950965824665676,30,20,66,4,60,2,22,13
"Llano","Texas",21243,19336,935,254,410607.280560303,48,5.29166666666667,22.7197860962567,2452,1572,12660,2465,10079,116,8332,6045
"Live Oak","Texas",11335,11550,1036,254,410607.280560303,48,5.29166666666667,10.9411196911197,5071,4092,5054,819,4199,36,2657,2225
"Lavaca","Texas",20337,19266,970,254,410607.280560303,48,5.29166666666667,20.9659793814433,3985,3102,10197,1333,8804,60,4868,4107
"Kimble","Texas",4286,4600,1251,254,410607.280560303,48,5.29166666666667,3.42605915267786,1092,1083,2292,284,1987,21,1341,1066
"Jim Wells","Texas",38891,40914,865,254,410607.280560303,48,5.29166666666667,44.9606936416185,32455,32360,13669,6119,7453,97,6539,5358
"Jasper","Texas",32980,35775,938,254,410607.280560303,48,5.29166666666667,35.1599147121535,2501,2055,15611,2954,12542,115,7339,5929
"Howard","Texas",34860,34983,903,254,410607.280560303,48,5.29166666666667,38.6046511627907,16093,13316,10241,2069,8054,118,4773,4586
"Hockley","Texas",21537,22827,908,254,410607.280560303,48,5.29166666666667,23.7191629955947,11427,9985,8100,1482,6536,82,3487,2919
"Hill","Texas",35874,35153,962,254,410607.280560303,48,5.29166666666667,37.2910602910603,8011,6450,14931,2860,11926,145,7787,6461
"Hall","Texas",2825,3359,903,254,410607.280560303,48,5.29166666666667,3.12846068660022,1007,1091,1169,168,995,6,745,764
"Gray","Texas",21227,22474,928,254,410607.280560303,48,5.29166666666667,22.8739224137931,6538,5382,7782,829,6840,113,3600,3617
"Gonzales","Texas",19653,19797,1068,254,410607.280560303,48,5.29166666666667,18.4016853932584,10850,9406,7648,1948,5627,73,3690,2985
"Garza","Texas",5816,6466,896,254,410607.280560303,48,5.29166666666667,6.49107142857143,3268,3071,1653,231,1413,9,741,698
"Frio","Texas",18385,17255,1133,254,410607.280560303,48,5.29166666666667,16.2268314210062,16356,13445,5279,2422,2823,34,2523,1962
"Fort Bend","Texas",822779,590177,875,254,410607.280560303,48,5.29166666666667,940.318857142857,210223,140271,357514,195552,157718,4244,101065,43521
"Foard","Texas",1095,1344,707,254,410607.280560303,48,5.29166666666667,1.54879773691655,207,188,551,99,445,7,316,324
"Duval","Texas",9831,11705,1793,254,410607.280560303,48,5.29166666666667,5.4829894032348,9869,10363,5053,2575,2443,35,2002,1895
"Dimmit","Texas",8615,10043,1331,254,410607.280560303,48,5.29166666666667,6.47257700976709,8730,8657,3666,2264,1384,18,1741,1436
"Delta","Texas",5230,5242,277,254,410607.280560303,48,5.29166666666667,18.8808664259928,474,294,2592,403,2162,27,1153,1035
"Dallas","Texas",2613539,2373711,880,254,410607.280560303,48,5.29166666666667,2969.93068181818,1075954,910451,919504,598576,307076,13852,300111,209355
"Dallam","Texas",7115,6745,1505,254,410607.280560303,48,5.29166666666667,4.72757475083057,3438,2736,1609,197,1389,23,874,637
"Colorado","Texas",20557,20868,963,254,410607.280560303,48,5.29166666666667,21.3468328141225,6751,5474,9975,2420,7472,83,4901,4026
"Collin","Texas",1064465,787102,848,254,410607.280560303,48,5.29166666666667,1255.26533018868,167450,115876,490856,230945,252318,7593,122633,61162
"Castro","Texas",7371,8125,898,254,410607.280560303,48,5.29166666666667,8.20824053452116,4846,4883,2083,466,1602,15,1290,1091
"Callahan","Texas",13708,13511,899,254,410607.280560303,48,5.29166666666667,15.2480533926585,1422,1030,6832,734,6012,86,3074,2451
"Burleson","Texas",17642,17238,666,254,410607.280560303,48,5.29166666666667,26.4894894894895,3957,3194,8609,1788,6743,78,4019,3033
"Brown","Texas",38095,38076,944,254,410607.280560303,48,5.29166666666667,40.3548728813559,8691,7473,15969,2107,13698,164,7903,6593
"Brazoria","Texas",372031,314499,1387,254,410607.280560303,48,5.29166666666667,268.227108868061,121130,87404,154984,62228,90433,2323,47520,30207
"Bell","Texas",370647,312886,1059,254,410607.280560303,48,5.29166666666667,349.99716713881,95954,68219,127375,57014,67893,2468,42635,27217
"Bee","Texas",31047,31862,880,254,410607.280560303,48,5.29166666666667,35.2806818181818,19410,17963,9420,3288,6006,126,4267,3418
"Bandera","Texas",20851,20546,792,254,410607.280560303,48,5.29166666666667,26.3270202020202,4817,3425,12715,2505,10057,153,6918,4163
"Bailey","Texas",6904,7154,827,254,410607.280560303,48,5.29166666666667,8.34824667472793,4276,4293,1860,409,1434,17,1038,1000
"Armstrong","Texas",1848,1902,914,254,410607.280560303,48,5.29166666666667,2.0218818380744,189,124,1112,75,1035,2,431,396
"Archer","Texas",8560,9118,910,254,410607.280560303,48,5.29166666666667,9.40659340659341,713,689,4796,446,4300,50,1853,1458
"Andrews","Texas",18610,14849,1501,254,410607.280560303,48,5.29166666666667,12.398401065956,10898,7239,5863,850,4943,70,1839,1672
"Wayne","Utah",2486,2772,2466,29,249305.155480369,3,9.66666666666667,1.0081103000811,182,120,1621,365,1229,27,635,430
"Washington","Utah",180279,138397,2430,29,249305.155480369,3,9.66666666666667,74.1888888888889,20311,13512,91070,20530,67294,3246,42016,24011
"Millard","Utah",12975,12541,6828,29,249305.155480369,3,9.66666666666667,1.90026362038664,1688,1599,6190,624,5404,162,2366,1784
"Lamoille","Vermont",25945,24517,665,14,39272.5543026685,1,14,39.015037593985,503,325,15679,10773,4171,735,4639,3273
"Salem","Virginia",25346,24897,15,133,128348.708646346,8,16.625,1689.73333333333,977,613,13051,5148,7683,220,4998,4266
"Radford","Virginia",16070,16432,10,133,128348.708646346,8,16.625,1607,587,388,6320,3358,2786,176,1785,1394
"Powhatan","Virginia",30333,28133,261,133,128348.708646346,8,16.625,116.218390804598,719,509,19733,5320,14055,358,5858,3461
"Pittsylvania","Virginia",60501,63591,978,133,128348.708646346,8,16.625,61.861963190184,1715,1369,34227,10115,23751,361,14421,10953
"Lunenburg","Virginia",11936,12909,432,133,128348.708646346,8,16.625,27.6296296296296,696,468,6002,2418,3537,47,2865,2230
"Highland","Virginia",2232,2297,416,133,128348.708646346,8,16.625,5.36538461538461,29,18,1533,417,1092,24,802,578
"Emporia","Virginia",5766,5920,7,133,128348.708646346,8,16.625,823.714285714286,347,259,2384,1612,754,18,1073,995
"Bland","Virginia",6270,6801,359,133,128348.708646346,8,16.625,17.4651810584958,60,39,3479,532,2903,44,1530,1179
"San Juan","Washington",17788,15783,174,39,401738.193812715,7,5.57142857142857,102.229885057471,1180,869,13197,9725,3057,415,6212,3721
"Lewis","Washington",82149,75503,2403,39,401738.193812715,7,5.57142857142857,34.1860174781523,8979,6563,45309,14520,29391,1398,17766,13141
"Kittitas","Washington",44337,40992,2297,39,401738.193812715,7,5.57142857142857,19.3021332172399,4675,3175,26364,11421,14105,838,8402,5232
"Garfield","Washington",2286,2261,710,39,401738.193812715,7,5.57142857142857,3.21971830985916,122,91,1489,366,1069,54,640,502
"Franklin","Washington",96749,79076,1242,39,401738.193812715,7,5.57142857142857,77.8977455716586,52085,40483,32404,13340,18039,1025,9793,5741
"Columbia","Washington",3952,4094,869,39,401738.193812715,7,5.57142857142857,4.54775604142693,345,253,2495,668,1754,73,1196,935
"Benton","Washington",206873,176467,1700,39,401738.193812715,7,5.57142857142857,121.69,48095,33011,103033,38706,60365,3962,32470,20739
"Preston","West Virginia",34216,33546,648,55,33319.6156309757,1,55,52.8024691358025,496,229,14572,3163,11190,219,7156,5301
"Oconto","Wisconsin",38965,37714,997.99,72,136134.660749665,5,14.4,39.043477389553,764,538,23215,6715,16226,274,8250,6062
"Marinette","Wisconsin",41872,41662,1399.35,72,136134.660749665,5,14.4,29.9224640011434,899,520,22979,7366,15304,309,9990,8262
"Iron","Wisconsin",6137,5925,758.17,72,136134.660749665,5,14.4,8.09449068150943,82,37,4010,1533,2438,39,1839,1517
"Green","Wisconsin",37093,36858,583.96,72,136134.660749665,5,14.4,63.5197616275087,1243,1044,21406,10851,10169,386,7338,5504
"Buffalo","Wisconsin",13317,13551,671.64,72,136134.660749665,5,14.4,19.8275862068966,336,235,7816,2860,4834,122,3024,2458
"Converse","Wyoming",13751,13823,4255,23,24508.5493503975,1,23,3.23172737955347,1146,868,7010,861,5917,232,2457,1781
